frame_id,cam_timestamp,host_recv_unix
0,4193498419425,1789398640.626700
1,4193598418425,1789398640.726098
2,4193698418425,1789398640.826745
3,4193798418450,1789398640.926640
4,4193898417450,1789398641.026283
5,4193998418425,1789398641.125972
6,4194098417425,1789398641.226755
7,4194198417450,1789398641.326516
8,4194298417425,1789398641.426203
9,4194398417425,1789398641.526918
10,4194498416425,1789398641.626567
11,4194598417425,1789398641.726260
12,4194698416425,1789398641.826914
13,4194798417450,1789398641.926588
14,4194898416450,1789398642.027079
15,4194998415450,1789398642.127024
16,4195098415425,1789398642.227007
17,4195198415425,1789398642.326940
18,4195298415450,1789398642.427386
19,4195398415425,1789398642.526753
20,4195498415425,1789398642.626485
21,4195598415450,1789398642.726178
22,4195698414450,1789398642.826843
23,4195798414425,1789398642.926365
24,4195898414425,1789398643.027013
25,4195998414450,1789398643.126665
26,4196098414425,1789398643.226986
27,4196198414425,1789398643.326679
28,4196298413425,1789398643.427760
29,4196398413450,1789398643.526973
30,4196498413425,1789398643.626668
31,4196598413425,1789398643.726618
32,4196698413450,1789398643.826213
33,4196798412450,1789398643.926846
34,4196898412425,1789398644.026529
35,4196998412425,1789398644.126338
36,4197098412450,1789398644.226810
37,4197198412425,1789398644.328128
38,4197298411425,1789398644.426517
39,4197398411425,1789398644.526310
40,4197498411450,1789398644.626505
41,4197598411425,1789398644.726654
42,4197698411425,1789398644.828134
43,4197798411450,1789398644.927153
44,4197898410450,1789398645.027054
45,4197998410425,1789398645.126666
46,4198098410425,1789398645.226787
47,4198198410450,1789398645.326357
48,4198298410425,1789398645.426019
49,4198398410425,1789398645.527210
50,4198498409425,1789398645.626779
51,4198598409450,1789398645.726391
52,4198698409425,1789398645.826189
53,4198798409425,1789398645.927268
54,4198898409450,1789398646.027257
55,4198998409425,1789398646.126728
56,4199098409425,1789398646.226503
57,4199198408425,1789398646.326177
58,4199298408450,1789398646.426542
59,4199398408425,1789398646.526276
60,4199498408425,1789398646.625992
61,4199598408450,1789398646.726688
62,4199698407450,1789398646.826311
63,4199798407425,1789398646.926046
64,4199898407425,1789398647.027145
65,4199998407450,1789398647.127049
66,4200098406450,1789398647.226553
67,4200198406425,1789398647.326224
68,4200298406425,1789398647.427093
69,4200398406450,1789398647.526853
70,4200498406425,1789398647.626573
71,4200598405425,1789398647.726263
72,4200698405425,1789398647.826951
73,4200798405450,1789398647.926594
74,4200898405425,1789398648.026225
75,4200998405425,1789398648.127501
76,4201098405450,1789398648.226518
77,4201198404450,1789398648.326308
78,4201298404425,1789398648.425972
79,4201398404425,1789398648.526715
80,4201498405425,1789398648.626414
81,4201598404425,1789398648.726573
82,4201698404425,1789398648.826202
83,4201798403425,1789398648.926848
84,4201898403450,1789398649.026446
85,4201998403425,1789398649.126507
86,4202098403425,1789398649.226080
87,4202198403450,1789398649.326741
88,4202298402450,1789398649.426470
89,4202398402425,1789398649.526272
90,4202498402425,1789398649.626907
91,4202598402450,1789398649.726597
92,4202698402425,1789398649.826661
93,4202798402425,1789398649.926541
94,4202898401425,1789398650.026568
95,4202998401450,1789398650.126276
96,4203098401425,1789398650.226933
97,4203198401425,1789398650.326641
98,4203298401450,1789398650.426300
99,4203398400450,1789398650.526457
100,4203498401425,1789398650.626260
101,4203598400425,1789398650.725974
102,4203698400450,1789398650.826823
103,4203798400425,1789398650.926465
104,4203898400425,1789398651.026197
105,4203998400450,1789398651.126014
106,4204098400425,1789398651.226635
107,4204198399425,1789398651.326280
108,4204298399425,1789398651.426896
109,4204398399450,1789398651.527109
110,4204498399425,1789398651.626963
111,4204598398425,1789398651.726963
112,4204698398425,1789398651.826491
113,4204798398450,1789398651.926277
114,4204898398425,1789398652.027279
115,4204998398425,1789398652.126838
116,4205098398450,1789398652.226439
117,4205198397450,1789398652.326175
118,4205298397425,1789398652.426769
119,4205398397425,1789398652.526470
120,4205498397450,1789398652.627543
121,4205598397425,1789398652.726120
122,4205698396425,1789398652.826871
123,4205798397450,1789398652.926570
124,4205898396450,1789398653.026165
125,4205998396425,1789398653.127208
126,4206098396425,1789398653.226798
127,4206198396450,1789398653.326922
128,4206298396425,1789398653.426926
129,4206398395425,1789398653.526836
130,4206498395425,1789398653.626456
131,4206598395450,1789398653.726275
132,4206698395425,1789398653.827028
133,4206798395425,1789398653.927214
134,4206898394425,1789398654.026532
135,4206998394450,1789398654.126193
136,4207098394425,1789398654.226850
137,4207198394425,1789398654.326465
138,4207298394450,1789398654.426683
139,4207398394425,1789398654.526627
140,4207498393425,1789398654.626181
141,4207598393425,1789398654.727156
142,4207698393450,1789398654.827217
143,4207798393425,1789398654.926678
144,4207898393425,1789398655.026746
145,4207998392425,1789398655.126241
146,4208098392450,1789398655.227232
147,4208198392425,1789398655.326066
148,4208298392425,1789398655.427200
149,4208398392450,1789398655.526877
150,4208498392425,1789398655.626805
151,4208598392425,1789398655.726503
152,4208698391425,1789398655.826210
153,4208798391450,1789398655.926034
154,4208898391425,1789398656.026990
155,4208998391425,1789398656.126468
156,4209098390425,1789398656.226465
157,4209198391425,1789398656.326519
158,4209298391425,1789398656.425999
159,4209398390425,1789398656.526723
160,4209498390450,1789398656.626373
161,4209598390425,1789398656.726307
162,4209698390425,1789398656.826938
163,4209798390450,1789398656.926670
164,4209898389450,1789398657.026664
165,4209998389425,1789398657.126267
166,4210098389425,1789398657.226554
167,4210198388425,1789398657.326304
168,4210298389425,1789398657.426986
169,4210398388425,1789398657.527116
170,4210498388425,1789398657.627326
171,4210598388450,1789398657.726058
172,4210698388425,1789398657.826738
173,4210798388425,1789398657.926373
174,4210898387425,1789398658.025993
175,4210998387450,1789398658.126870
176,4211098388425,1789398658.226873
177,4211198387425,1789398658.329898
178,4211298387450,1789398658.426462
179,4211398387425,1789398658.526640
180,4211498386425,1789398658.626219
181,4211598386425,1789398658.726892
182,4211698386450,1789398658.826498
183,4211798386425,1789398658.926489
184,4211898386425,1789398659.026653
185,4211998385425,1789398659.126235
186,4212098386425,1789398659.226899
187,4212198385425,1789398659.326620
188,4212298385425,1789398659.426737
189,4212398385450,1789398659.526325
190,4212498385425,1789398659.626585
191,4212598385425,1789398659.726713
192,4212698384425,1789398659.826230
193,4212798384450,1789398659.926900
194,4212898384425,1789398660.026465
195,4212998384425,1789398660.126505
196,4213098383425,1789398660.226589
197,4213198383450,1789398660.326208
198,4213298384425,1789398660.426877
199,4213398383425,1789398660.526938
